metodo,recomendacion
video,Usar flashcards con imágenes y palabras.
video,Ver películas y series con subtítulos en inglés y luego sin ellos.
video,Utilizar mapas mentales y diagramas para organizar vocabulario y gramática.
audio,Escuchar podcasts música y audiolibros en inglés.
audio,Participar en conversaciones con hablantes nativos o compañeros de estudio.
audio,Repetir en voz alta frases y diálogos para mejorar la pronunciación.
texto,Leer libros artículos y noticias en inglés.
texto,Escribir diarios ensayos o correos electrónicos en inglés.
texto,Tomar notas detalladas sobre gramática y vocabulario.
actividad,Practicar el idioma a través de juegos de roles o simulaciones.
actividad,Realizar actividades físicas mientras se escucha inglés (ej. caminar y escuchar un podcast).
actividad,Usar aplicaciones interactivas que requieran tocar o arrastrar elementos para aprender.
video,Crear tableros de visión con metas de aprendizaje y vocabulario nuevo.
video,Ver tutoriales de YouTube en inglés sobre temas de interés.
video,Dibujar o esquematizar conceptos gramaticales difíciles.
video,Usar infografías para entender datos y estadísticas en inglés.
video,Cambiar el idioma de tus dispositivos y redes sociales a inglés.
video,Visitar sitios web y blogs con mucho contenido video en inglés.
video,Estudiar la señalización y los letreros en inglés cuando viajes.
video,Utilizar diccionarios videoes para aprender vocabulario.
video,Crear collages de imágenes y palabras en inglés.
video,Observar y analizar la publicidad en inglés.
video,Ver programas de cocina en inglés para aprender vocabulario culinario.
video,Explorar galerías de arte virtuales con descripciones en inglés.
video,Utilizar cómics y novelas gráficas en inglés.
audio,Grabar tu propia voz leyendo en voz alta y escucharte para corregir.
audio,Cantar canciones en inglés y aprender las letras.
audio,Sintonizar estaciones de radio en inglés.
audio,Participar en clubes de conversación o "tandems" de idiomas.
audio,Ver entrevistas y discursos en inglés.
audio,Escuchar audiodescripciones de películas para ciegos en inglés.
audio,Utilizar aplicaciones de reconocimiento de voz para practicar la pronunciación.
audio,Escuchar noticias en inglés de diferentes acentos.
audio,Hacer dictados en inglés y luego revisar la transcripción.
audio,Narrar tus actividades diarias en inglés para ti mismo.
audio,Escuchar podcasts de humor en inglés para familiarizarte con expresiones.
audio,Practicar la escucha activa identificando ideas principales en conversaciones.
audio,Asistir a conferencias o seminarios web en inglés.
texto,Resumir capítulos de libros o artículos en tus propias palabras en inglés.
texto,Llevar un diario de sueños en inglés.
texto,Escribir reseñas de libros o películas en inglés.
texto,Participar en foros en línea o grupos de discusión en inglés.
texto,Crear listas de vocabulario con definiciones y ejemplos de oraciones.
texto,Traducir textos cortos del español al inglés y viceversa.
texto,Escribir historias cortas o poemas en inglés.
texto,Hacer crucigramas y sopas de letras en inglés.
texto,Completar ejercicios de gramática en línea o en libros de texto.
texto,Escribir cartas o correos electrónicos a amigos por correspondencia en inglés.
texto,Crear tu propio blog o página web en inglés.
texto,Tomar cursos de escritura creativa en inglés.
texto,Leer las letras de tus canciones favoritas en inglés mientras las escuchas.
texto,Mantener un cuaderno de frases útiles en inglés.
actividad,Jugar videojuegos en inglés que requieran interacción verbal o escrita.
actividad,Utilizar gestos y mímica mientras hablas en inglés.
actividad,Preparar recetas siguiendo instrucciones en inglés.
actividad,Participar en deportes o actividades grupales donde se hable inglés.
actividad,Realizar excursiones virtuales por lugares de habla inglesa.
actividad,Jugar juegos de mesa o de rol en inglés.
actividad,Bailar al ritmo de la música en inglés interpretando la letra.
actividad,Realizar ejercicios de teatro o improvisación en inglés.
actividad,Construir modelos o manualidades siguiendo instrucciones en inglés.
actividad,Hacer manualidades o proyectos DIY que requieran leer instrucciones en inglés.
actividad,Utilizar objetos físicos para representar vocabulario (ej. mover una manzana al decir "apple").
actividad,Actuar escenas de películas o series en inglés.
actividad,Hacer un tour virtual por un museo en inglés y narrar lo que ves.
actividad,Practicar el idioma mientras haces ejercicio (ej. contando repeticiones en inglés).
video,Utilizar aplicaciones de idiomas con interfaz gráfica intuitiva.
video,Ver documentales sobre cultura anglosajona.
video,Explorar mapas y atlas con nombres en inglés.
video,Crear tus propios pósteres educativos en inglés.
video,Diseñar infografías para explicar conceptos en inglés.
video,Usar diagramas de Venn para comparar vocabulario.
video,Buscar y analizar memes en inglés.
video,Seguir a influencers de habla inglesa en plataformas videoes.
audio,Llamar a servicios de atención al cliente en inglés (si es posible).
audio,Participar en debates o argumentaciones en inglés.
audio,Escuchar transmisiones en vivo de eventos en inglés.
audio,Practicar la entonación y el ritmo del inglés.
audio,Escuchar diferentes acentos del inglés (británico americano australiano etc.).
audio,Responder a preguntas en inglés de forma espontánea.
audio,Escuchar charlas TED en inglés.
audio,Asistir a conciertos en inglés y entender las letras.
texto,Mantener un "diario de gratitud" en inglés.
texto,Escribir listas de compras en inglés.
texto,Hacer un resumen diario de noticias en inglés.
texto,Escribir cartas de agradecimiento o felicitación en inglés.
texto,Tomar apuntes en clase o reuniones en inglés.
texto,Participar en concursos de escritura en inglés.
texto,Crear un glosario personal de jerga y expresiones idiomáticas.
texto,Escribir un cuento corto de tu propia invención en inglés.
texto,Hacer una lista de tus objetivos en inglés.
texto,Escribir un plan de viaje en inglés.
actividad,Cocinar siguiendo recetas en inglés.
actividad,Jugar a las charadas en inglés.
actividad,Usar aplicaciones que te hagan moverte mientras aprendes.
actividad,Practicar yoga o meditación con instrucciones en inglés.
actividad,Montar en bicicleta mientras escuchas audios en inglés.
actividad,Realizar experimentos científicos siguiendo guías en inglés.
actividad,Participar en un taller de manualidades donde se hable inglés.
actividad,Hacer jardinería siguiendo instrucciones en inglés.
actividad,Practicar el idioma mientras haces las tareas del hogar.
actividad,Organizar tus objetos personales etiquetándolos en inglés.
actividad,Hacer un tour guiado virtual en inglés y responder a preguntas.
actividad,Jugar a "Simón dice" en inglés.
actividad,Realizar actividades deportivas donde se usen términos en inglés.
actividad,Aprender a tocar un instrumento musical con tutoriales en inglés.
actividad,Participar en voluntariados donde el inglés sea el idioma principal.
actividad,Realizar un proyecto de bricolaje siguiendo instrucciones en inglés.
video,Ver películas y series con subtítulos en inglés y luego sin ellos.
video,Utilizar mapas mentales y diagramas para organizar vocabulario y gramática.
audio,Escuchar podcasts música y audiolibros en inglés.
audio,Participar en conversaciones con hablantes nativos o compañeros de estudio.
audio,Repetir en voz alta frases y diálogos para mejorar la pronunciación.
texto,Leer libros artículos y noticias en inglés.
texto,Escribir diarios ensayos o correos electrónicos en inglés.
texto,Tomar notas detalladas sobre gramática y vocabulario.
actividad,Practicar el idioma a través de juegos de roles o simulaciones.
actividad,Realizar actividades físicas mientras se escucha inglés (ej. caminar y escuchar un podcast).
actividad,Usar aplicaciones interactivas que requieran tocar o arrastrar elementos para aprender.
video,Crear tableros de visión con metas de aprendizaje y vocabulario nuevo.
video,Ver tutoriales de YouTube en inglés sobre temas de interés.
video,Dibujar o esquematizar conceptos gramaticales difíciles.
video,Usar infografías para entender datos y estadísticas en inglés.
video,Cambiar el idioma de tus dispositivos y redes sociales a inglés.
video,Visitar sitios web y blogs con mucho contenido video en inglés.
video,Estudiar la señalización y los letreros en inglés cuando viajes.
video,Utilizar diccionarios videoes para aprender vocabulario.
video,Crear collages de imágenes y palabras en inglés.
video,Observar y analizar la publicidad en inglés.
video,Ver programas de cocina en inglés para aprender vocabulario culinario.
video,Explorar galerías de arte virtuales con descripciones en inglés.
video,Utilizar cómics y novelas gráficas en inglés.
audio,Grabar tu propia voz leyendo en voz alta y escucharte para corregir.
audio,Cantar canciones en inglés y aprender las letras.
audio,Sintonizar estaciones de radio en inglés.
audio,Participar en clubes de conversación o "tandems" de idiomas.
audio,Ver entrevistas y discursos en inglés.
audio,Escuchar audiodescripciones de películas para ciegos en inglés.
audio,Utilizar aplicaciones de reconocimiento de voz para practicar la pronunciación.
audio,Escuchar noticias en inglés de diferentes acentos.
audio,Hacer dictados en inglés y luego revisar la transcripción.
audio,Narrar tus actividades diarias en inglés para ti mismo.
audio,Escuchar podcasts de humor en inglés para familiarizarte con expresiones.
audio,Practicar la escucha activa identificando ideas principales en conversaciones.
audio,Asistir a conferencias o seminarios web en inglés.
texto,Resumir capítulos de libros o artículos en tus propias palabras en inglés.
texto,Llevar un diario de sueños en inglés.
texto,Escribir reseñas de libros o películas en inglés.
texto,Participar en foros en línea o grupos de discusión en inglés.
texto,Crear listas de vocabulario con definiciones y ejemplos de oraciones.
texto,Traducir textos cortos del español al inglés y viceversa.
texto,Escribir historias cortas o poemas en inglés.
texto,Hacer crucigramas y sopas de letras en inglés.
texto,Completar ejercicios de gramática en línea o en libros de texto.
texto,Escribir cartas o correos electrónicos a amigos por correspondencia en inglés.
texto,Crear tu propio blog o página web en inglés.
texto,Tomar cursos de escritura creativa en inglés.
texto,Leer las letras de tus canciones favoritas en inglés mientras las escuchas.
texto,Mantener un cuaderno de frases útiles en inglés.
actividad,Jugar videojuegos en inglés que requieran interacción verbal o escrita.
actividad,Utilizar gestos y mímica mientras hablas en inglés.
actividad,Preparar recetas siguiendo instrucciones en inglés.
actividad,Participar en deportes o actividades grupales donde se hable inglés.
actividad,Realizar excursiones virtuales por lugares de habla inglesa.
actividad,Jugar juegos de mesa o de rol en inglés.
actividad,Bailar al ritmo de la música en inglés interpretando la letra.
actividad,Realizar ejercicios de teatro o improvisación en inglés.
actividad,Construir modelos o manualidades siguiendo instrucciones en inglés.
actividad,Hacer manualidades o proyectos DIY que requieran leer instrucciones en inglés.
actividad,Utilizar objetos físicos para representar vocabulario (ej. mover una manzana al decir "apple").
actividad,Actuar escenas de películas o series en inglés.
actividad,Hacer un tour virtual por un museo en inglés y narrar lo que ves.
actividad,Practicar el idioma mientras haces ejercicio (ej. contando repeticiones en inglés).
video,Utilizar aplicaciones de idiomas con interfaz gráfica intuitiva.
video,Ver documentales sobre cultura anglosajona.
video,Explorar mapas y atlas con nombres en inglés.
video,Crear tus propios pósteres educativos en inglés.
video,Diseñar infografías para explicar conceptos en inglés.
video,Usar diagramas de Venn para comparar vocabulario.
video,Buscar y analizar memes en inglés.
video,Seguir a influencers de habla inglesa en plataformas videoes.
audio,Llamar a servicios de atención al cliente en inglés (si es posible).
audio,Participar en debates o argumentaciones en inglés.
audio,Escuchar transmisiones en vivo de eventos en inglés.
audio,Practicar la entonación y el ritmo del inglés.
audio,Escuchar diferentes acentos del inglés (británico americano australiano etc.).
audio,Responder a preguntas en inglés de forma espontánea.
audio,Escuchar charlas TED en inglés.
audio,Asistir a conciertos en inglés y entender las letras.
texto,Mantener un "diario de gratitud" en inglés.
texto,Escribir listas de compras en inglés.
texto,Hacer un resumen diario de noticias en inglés.
texto,Escribir cartas de agradecimiento o felicitación en inglés.
texto,Tomar apuntes en clase o reuniones en inglés.
texto,Participar en concursos de escritura en inglés.
texto,Crear un glosario personal de jerga y expresiones idiomáticas.
texto,Escribir un cuento corto de tu propia invención en inglés.
texto,Hacer una lista de tus objetivos en inglés.
texto,Escribir un plan de viaje en inglés.
actividad,Cocinar siguiendo recetas en inglés.
actividad,Jugar a las charadas en inglés.
actividad,Usar aplicaciones que te hagan moverte mientras aprendes.
actividad,Practicar yoga o meditación con instrucciones en inglés.
actividad,Montar en bicicleta mientras escuchas audios en inglés.
actividad,Realizar experimentos científicos siguiendo guías en inglés.
actividad,Participar en un taller de manualidades donde se hable inglés.
actividad,Hacer jardinería siguiendo instrucciones en inglés.
actividad,Practicar el idioma mientras haces las tareas del hogar.
actividad,Organizar tus objetos personales etiquetándolos en inglés.
actividad,Hacer un tour guiado virtual en inglés y responder a preguntas.
actividad,Jugar a "Simón dice" en inglés.
actividad,Realizar actividades deportivas donde se usen términos en inglés.
actividad,Aprender a tocar un instrumento musical con tutoriales en inglés.
actividad,Participar en voluntariados donde el inglés sea el idioma principal.
actividad,Realizar un proyecto de bricolaje siguiendo instrucciones en inglés.
video,Ver documentales de viajes con narración en inglés para familiarizarte con lugares.